Search,Cost,Clicks,Impressions,Conversions
båtførerprøven,"NOK257,862.81","5,369","30,765",0.00
båtførerbevis,"NOK12,125.92",483,"4,594",0.00
båtlappen,"NOK25,061.45",815,"3,099",0.00
båtførerregisteret,"NOK3,600.71",194,"2,690",0.00
båtførerprøven test,"NOK6,306.47",162,"2,609",0.00
båtførerprøven på nett,"NOK9,972.21",254,"1,350",0.00
båtførerkurs,"NOK9,149.85",198,"1,316",0.00
båtførerprøven alder,"NOK1,351.46",45,"1,126",0.00
båtførerprøven eksamen,"NOK3,222.50",80,935,0.00
båtførerprøven pris,"NOK2,956.45",110,851,0.00
høyhastighetskurs,"NOK1,482.18",52,798,0.00
båtførerprøven oslo,"NOK15,390.30",252,753,0.00
båtsertifikat,"NOK4,247.02",160,741,0.00
båtførerprøve,"NOK4,439.83",99,698,0.00
ta båtførerprøven,"NOK6,161.98",130,650,0.00
båtførerprøven kristiansand,"NOK16,581.52",250,617,0.00
båtførerprøven trondheim,"NOK9,073.09",203,575,0.00
båtførerprøven bergen,"NOK12,479.69",184,570,0.00
båtførerappen,NOK94.29,5,533,0.00
wave kompetanse,NOK630.22,30,480,0.00
hvor mye koster båtførerprøven,NOK928.37,42,474,0.00
båtførerprøven eksamen hjemme,"NOK1,324.64",39,467,0.00
båtlappen pris,"NOK2,028.71",98,448,0.00
båtførerregisteret no,NOK994.34,49,442,0.00
høyhastighetsbevis båt,NOK288.76,13,432,0.00
båtførerprøven arendal,"NOK6,523.46",109,420,0.00
båtfører,"NOK1,138.49",34,381,0.00
båtførerbevis digitalt,NOK217.54,9,372,0.00
hvordan ta båtførerprøven,"NOK1,514.66",55,330,0.00
båtførerprøven nye regler 2024,NOK402.98,16,324,0.00
testsenter båtførerprøven,NOK578.08,17,290,0.00
båtførerprøven tønsberg,"NOK2,535.06",57,283,0.00
båtførerprøven kurs,"NOK2,492.25",53,266,0.00
båt lappen,"NOK1,486.85",57,264,0.00
båtførerprøven fredrikstad,"NOK3,792.11",71,264,0.00
når kan man ta båtførerprøven,NOK408.76,11,263,0.00
båtførerlappen,"NOK1,669.65",38,260,0.00
høyhastighetsbevis båt pris,NOK500.65,24,255,0.00
hvor stor båt kan man kjøre med båtførerprøven,NOK171.84,6,251,0.00
hva koster båtførerprøven,NOK838.29,36,230,0.00
båtfører prøven,"NOK1,474.78",30,229,0.00
båtlappen alder,NOK189.38,8,229,0.00
kan man ta båtførerprøven på nett,NOK851.33,28,229,0.00
eksamen båtførerprøven,NOK727.70,20,223,0.00
båt sertifikat,NOK904.32,37,217,0.00
båtførerprøven app,NOK130.89,3,207,0.00
båtførerbevis regler,NOK21.97,1,198,0.00
båtførerbevis app,NOK81.12,3,197,0.00
båtførerprøven bok,NOK454.90,9,188,0.00
båtførerprøven testsenter,NOK333.62,10,186,0.00
båtførerprøven no,NOK666.87,11,185,0.00
seilkurs oslo,NOK282.25,7,185,0.00
båtførerprøven sandvika,"NOK1,531.25",31,181,0.00
er båtførerprøven vanskelig,NOK312.82,10,181,0.00
båtfører eksamen,NOK296.76,9,175,0.00
båt,NOK195.01,7,173,0.00
båtførerkurs oslo,"NOK1,404.08",36,170,0.00
wave båtførerprøven,NOK652.75,11,170,0.00
båtkurs,"NOK1,767.87",39,165,0.00
når må man ha båtførerbevis,NOK226.96,8,165,0.00
båtførereksamen,NOK408.30,10,162,0.00
hvor gammel må man være for å ta båtførerprøven,NOK215.72,10,162,0.00
hvor mye koster båtlappen,NOK122.27,9,159,0.00
høyhastighetskurs pris,NOK305.53,16,159,0.00
høyhastighetsbevis,NOK435.78,17,155,0.00
lanternen båtførerkurs,NOK250.56,7,154,0.00
båtfører bevis,NOK270.80,12,151,0.00
båtførerbevis på nett,NOK317.22,7,146,0.00
båtførerprøven mandal,"NOK1,118.17",22,133,0.00
hvor kan man ta båtførerprøven,NOK682.07,17,133,0.00
pris båtførerprøven,NOK300.78,16,129,0.00
eksamensavgift båtførerprøven,NOK580.23,15,128,0.00
båtfører kurs,NOK791.26,15,127,0.00
aldersgrense båtførerprøven,NOK87.26,4,125,0.00
krav til båtførerbevis,NOK195.97,7,123,0.00
rs båtførerprøven,NOK389.29,10,123,0.00
båtførersertifikat,NOK290.40,11,121,0.00
ta roret jenter,NOK497.88,14,121,0.00
båtførerkurs kristiansand,"NOK3,760.80",55,120,0.00
båtførerprøven stavanger,NOK981.73,27,120,0.00
båtførerprøven aldersgrense,NOK169.37,2,117,0.00
hvem må ta båtførerprøven,NOK147.49,4,117,0.00
båtførerprøven sandefjord,"NOK1,080.21",20,113,0.00
hurtigbåtsertifikat,NOK131.30,7,113,0.00
hvor tar man båtførerprøven,NOK550.40,13,113,0.00
båtførerprøven gratis test,NOK108.65,3,111,0.00
båtførerkort,NOK163.77,8,107,0.00
båtførerprøven spørsmål,NOK219.78,6,106,0.00
båtførerkurs bergen,"NOK2,978.49",50,104,0.00
båtførerprøven grimstad,"NOK1,684.10",23,103,0.00
test båtførerprøven,NOK80.51,4,103,0.00
hvem må ha båtførerbevis,NOK29.34,2,101,0.00
hvor kan jeg ta båtførerprøven,NOK149.41,5,101,0.00
båtførerbevis pris,NOK244.16,16,99,0.00
båtførerprøven digitalt,NOK723.39,12,98,0.00
redningsselskapet båtførerprøven,NOK250.23,7,98,0.00
båtførerprøven eksamen på nett,NOK156.64,6,97,0.00
waypoint maritime,NOK444.42,14,97,0.00
høyhastighetskurs båt,NOK106.25,5,96,0.00
gratis båtførerprøve,NOK250.96,8,95,0.00
båt førerkort,NOK429.32,17,92,0.00
når trenger man båtførerbevis,NOK57.26,3,91,0.00
båtførerprøve test,NOK153.14,4,90,0.00
båtførerprøven pensum,NOK110.63,5,90,0.00
båtprøven,NOK687.36,18,89,0.00
hvordan ta båtlappen,NOK541.05,21,89,0.00
norsk test båtførerprøven,NOK110.09,7,88,0.00
øve til båtførerprøven,NOK81.76,3,87,0.00
båtførerprøven moss,NOK735.09,12,84,0.00
båtførerprøven online,NOK354.59,9,84,0.00
kjøre båt uten båtførerprøven,NOK98.11,3,84,0.00
ta båtlappen,NOK756.45,23,83,0.00
wave båtførerkurs,NOK147.39,3,83,0.00
ta båtførerprøven eksamen på nett,NOK369.37,13,82,0.00
hvem trenger båtførerprøven,NOK131.35,5,81,0.00
må man ha båtførerbevis for å kjøre båt,NOK158.30,3,80,0.00
wavekompetanse,NOK140.20,6,80,0.00
båtførerprøven asker,NOK512.68,16,79,0.00
båtførerprøven engelsk,NOK147.79,4,79,0.00
alder båtførerprøven,NOK39.61,3,78,0.00
båtførerprøven krav,NOK47.66,2,78,0.00
båtlappen oslo,"NOK1,317.36",25,78,0.00
båtlappen regler,NOK90.01,4,78,0.00
kurs båtførerprøven,NOK538.27,17,78,0.00
praktisk båtførerkurs,NOK426.08,12,78,0.00
båtførerprøven drammen,NOK720.03,21,75,0.00
båtførerprøven nettkurs,NOK341.95,9,74,0.00
digitalt båtførerbevis,NOK0.00,0,74,0.00
hvor stor båt kan man kjøre uten båtførerprøven,NOK29.67,1,74,0.00
båtførerbevis alder,NOK31.75,1,73,0.00
båtførerkurs trondheim,NOK887.53,26,73,0.00
ta båtførerprøven på nett,NOK566.12,15,73,0.00
båtførerprøven test deg selv,NOK71.75,2,72,0.00
gratis eksamenstest båtførerprøven,NOK138.92,4,72,0.00
hvor mye koster det å ta båtførerprøven,NOK100.28,6,71,0.00
båtførerprøven nett,NOK472.35,10,70,0.00
icc sertifikat,NOK22.10,1,70,0.00
når kan man ta båtlappen,NOK97.93,4,70,0.00
båtførerbeviset,NOK179.05,5,69,0.00
båtførerkurs pris,NOK238.00,11,69,0.00
båtførerprøve kristiansand,"NOK1,524.31",22,69,0.00
veien til båtførerprøven,NOK85.51,3,69,0.00
båtførerprøven kristiansund,NOK358.02,9,68,0.00
båtførerprøven kurs oslo,"NOK1,089.58",21,68,0.00
lære å kjøre båt,NOK108.14,7,68,0.00
båtførerkurset,NOK258.51,5,67,0.00
kjøre båt,NOK86.83,3,67,0.00
båtførerprøven bodø,NOK539.08,20,66,0.00
hvor mye koster det å ta båtlappen,NOK274.62,11,65,0.00
båtførerprøven drøbak,NOK405.75,12,64,0.00
pensum båtførerprøven,NOK124.47,4,64,0.00
båt kurs,NOK467.07,15,62,0.00
hvordan tar man båtførerprøven,NOK254.75,12,62,0.00
båtlappen på nett,NOK489.52,12,61,0.00
krav til båtførerprøven,NOK62.03,2,61,0.00
førerkort båt,NOK256.02,11,60,0.00
båtfører test,NOK68.18,1,59,0.00
båtførerprøven hamar,NOK268.49,5,59,0.00
båtførerprøven på en dag,"NOK1,217.84",19,59,0.00
båtførerprøven ålesund,NOK165.57,4,59,0.00
wave kompetanse erfaring,NOK45.62,1,59,0.00
båtførereksamen på nett,NOK240.13,7,57,0.00
bestille nytt båtførerbevis,NOK0.00,0,56,0.00
båtførerprøven halden,NOK960.12,12,56,0.00
båtførerprøven sarpsborg,NOK648.12,13,56,0.00
hvor lang tid tar båtførerprøven,NOK53.72,3,56,0.00
båt regler,NOK60.79,4,55,0.00
båtførerprøven lillestrøm,NOK960.95,19,55,0.00
hvor mye koster båtførerbevis,NOK56.25,3,55,0.00
båtførerprøven quiz,NOK24.13,2,54,0.00
båtførerprøven skien,NOK311.30,9,54,0.00
aldersgrense båt,NOK0.00,0,53,0.00
båtførerprøven tromsø,NOK263.83,10,53,0.00
hastighetskurs båt,NOK16.19,1,53,0.00
båtførerprøven test 50 spørsmål gratis,NOK24.43,2,52,0.00
båtførerbevis født før 1980,NOK57.79,1,51,0.00
båtførerprøven regler,NOK61.49,2,51,0.00
båtførerprøven test gratis,NOK79.44,4,51,0.00
båtsertifikat alder,NOK109.41,5,51,0.00
icc kurs,NOK0.00,0,51,0.00
båtførerprøve oslo,NOK896.33,17,50,0.00
båtførerprøven bærum,NOK653.56,13,50,0.00
båtførerprøven lillesand,NOK494.40,8,50,0.00
gratis test båtførerprøven,NOK29.36,2,50,0.00
bok båtførerprøven,NOK65.30,2,49,0.00
båtførerprøven bevis,NOK20.24,1,49,0.00
hvordan få båtførerbevis,NOK100.26,7,49,0.00
båtførerprøven eksamen bergen,NOK512.78,11,48,0.00
båtførerregister,NOK94.53,2,48,0.00
båtlapp,NOK279.39,8,48,0.00
båtsertifikat regler,NOK8.28,1,48,0.00
wave kompetanse båtførerprøven,NOK98.60,3,48,0.00
båtførerprøven dagskurs,NOK544.92,12,47,0.00
båtførerprøven teori,NOK40.78,2,47,0.00
sertifikat båt over 24 meter,NOK50.96,2,47,0.00
båtfører regler,NOK44.28,2,46,0.00
båtførerbevis aldersgrense,NOK151.86,4,46,0.00
båtførerprøven øving,NOK261.78,2,46,0.00
båtsertifikat pris,NOK172.47,11,46,0.00
båtførerprøven molde,NOK402.56,13,45,0.00
nettkurs båtførerprøven,NOK407.51,7,45,0.00
båtførebevis,NOK126.05,4,44,0.00
båtføreprøve,NOK400.26,8,44,0.00
båtførerprøven eksamen trondheim,NOK282.37,8,44,0.00
båtførerprøven harstad,NOK219.80,10,44,0.00
hva kan man kjøre med båtførerprøven,NOK19.80,1,44,0.00
hvor mange spørsmål er det på båtførerprøven,NOK0.00,0,44,0.00
når må man ha båtførerprøven,NOK45.62,2,44,0.00
båtførerprøve på nett,NOK342.57,8,43,0.00
tryggombord,NOK335.17,12,43,0.00
wave kompetanse as,NOK144.48,4,43,0.00
båtførerkurs tønsberg,NOK454.72,10,42,0.00
båtførerprøven bergen eksamen,NOK643.02,14,42,0.00
båtførerprøven oppkjøring,NOK65.71,3,42,0.00
båtførerprøven wave,NOK254.48,4,42,0.00
hvor mange feil kan man ha på båtførerprøven,NOK86.96,3,42,0.00
bestille båtførerbevis,NOK63.71,1,41,0.00
båtførerbevis hvor stor båt,NOK0.00,0,41,0.00
båtførerprøven larvik,NOK170.00,6,41,0.00
båtlappe,NOK409.58,10,41,0.00
gratis båtførertest,NOK19.15,1,41,0.00
hvor ta båtførerprøven,NOK261.10,10,41,0.00
sertifikat båt,NOK79.59,4,41,0.00
båtførerprøve trondheim,NOK424.18,9,40,0.00
båtførerprøven gratis,NOK207.97,5,40,0.00
båtførerprøven kragerø,NOK236.49,4,40,0.00
båtførerprøven vannscooter,NOK203.12,5,40,0.00
båtprøve,NOK116.68,5,40,0.00
drop in båtførerprøven,NOK104.96,1,40,0.00
når må man ta båtførerprøven,NOK19.70,1,40,0.00
båtfører appen,NOK63.26,2,39,0.00
hvor mye koster båt lappen,NOK116.82,3,39,0.00
internasjonalt båtførerbevis,NOK0.00,0,39,0.00
båt lappen pris,NOK145.55,8,38,0.00
båtførerkurs arendal,NOK301.62,7,38,0.00
båtførerprøve pris,NOK216.66,7,38,0.00
båtførerprøven eksamen oslo,NOK99.00,3,38,0.00
båtførerprøven eksamen pris,NOK112.89,3,38,0.00
båtførerprøven høyhastighet,NOK149.52,3,38,0.00
båtførerprøven steinkjer,NOK226.10,9,38,0.00
hvor gammel må man være for å ta båtlappen,NOK95.35,4,38,0.00
hvor mange spørsmål på båtførerprøven,NOK0.00,0,38,0.00
hvordan få båtlappen,NOK322.30,9,38,0.00
båtfører registeret,NOK75.13,4,37,0.00
båtførerbevis bergen,NOK714.91,8,37,0.00
båtførerkurs på nett,NOK192.10,5,37,0.00
båtførerprøve fredrikstad,NOK583.35,8,37,0.00
hva koster båtlappen,NOK48.08,4,37,0.00
hva koster det å ta båtførerprøven,NOK55.28,4,37,0.00
parallellforskyver båtførerprøven,NOK68.48,1,37,0.00
sjøakademiet sandvika,NOK39.66,2,37,0.00
båtførerdatabasen,NOK55.85,1,36,0.00
båtlappeb,NOK90.01,3,36,0.00
båtførerprøve kurs,NOK416.95,12,35,0.00
båtførerprøven eksamen kristiansand,NOK331.97,5,35,0.00
båtførerprøven hvor stor båt,NOK0.00,0,35,0.00
båtførerprøven privatist,NOK38.87,1,35,0.00
båtførerprøven på engelsk,NOK19.61,1,35,0.00
båtførerprøven redningsselskapet,NOK97.05,3,35,0.00
krav båtførerbevis,NOK51.31,3,35,0.00
båt fører prøven,NOK180.94,5,34,0.00
båtførerprøve bergen,NOK896.99,13,34,0.00
båtførerprøve eksamen,NOK26.50,1,34,0.00
båtførerprøven haugesund,NOK159.98,5,34,0.00
båtsertifikat over 50 fot,NOK118.96,5,34,0.00
hvor gammel må du være for å ta båtførerprøven,NOK113.06,1,34,0.00
må man ha båtførerprøven,NOK19.96,1,34,0.00
spesielt viktige emner båtførerprøven,NOK0.00,0,34,0.00
test eksamen båtførerprøven,NOK17.98,1,34,0.00
trygg ombord,NOK104.49,3,34,0.00
båtførerprøven lyngdal,NOK315.72,10,33,0.00
båtførerprøven praktisk prøve,NOK58.58,1,33,0.00
spørsmål båtførerprøven,NOK41.03,2,33,0.00
teori båtførerprøven,NOK23.86,2,33,0.00
båt uten båtførerbevis,NOK13.18,1,32,0.00
båtførerprøven fot,NOK53.00,1,32,0.00
båtførerprøven kart,NOK94.20,2,32,0.00
båtførerprøven kurs kristiansand,NOK951.80,17,32,0.00
høyhastighetssertifikat,NOK119.03,3,32,0.00
maritim kompetanse,NOK24.27,1,32,0.00
regler båtførerbevis,NOK0.00,0,32,0.00
bestill båtførerbevis,NOK164.68,3,31,0.00
båtførerprøven bok pdf,NOK19.64,1,31,0.00
båtførerprøven praktisk,NOK68.00,2,31,0.00
båtførerprøven scandic solli,NOK533.83,8,31,0.00
kurs kristiansand,NOK0.00,0,31,0.00
båtbevis,NOK34.69,2,30,0.00
båtførerbevis krav,NOK19.68,1,30,0.00
båtførerprøven prøveeksamen,NOK56.26,1,30,0.00
båtførerprøven vanskelig,NOK0.00,0,30,0.00
hva må man kunne til båtførerprøven,NOK84.54,3,30,0.00
hvor vanskelig er båtførerprøven,NOK66.58,3,30,0.00
intensivkurs båtførerprøven,NOK441.43,10,30,0.00
knuter båtførerprøven,NOK0.00,0,30,0.00
krav om båtførerbevis,NOK27.54,1,30,0.00
praktisk båtkurs,NOK93.88,2,30,0.00
aldersgrense på båtførerprøven,NOK105.62,4,29,0.00
hvor lang tid tar det å ta båtførerprøven,NOK67.34,2,29,0.00
test deg selv båtførerprøven,NOK0.00,0,29,0.00
båt teori,NOK82.64,5,28,0.00
