Word,Cost,Clicks,Impressions,Conversions,Top Containing Queries
båtførerprøven,"NOK416,613.21","8,860","58,181",0.00,"(båtførerprøven, båtførerprøven test, båtførerprøven på nett)"
båtførerbevis,"NOK17,684.29",657,"8,287",0.00,"(båtførerbevis, båtførerbevis digitalt, båtførerbevis regler)"
båtlappen,"NOK32,852.97","1,079","4,899",0.00,"(båtlappen, båtlappen pris, båtlappen alder)"
båt,"NOK8,715.24",344,"4,345",0.00,"(høyhastighetsbevis båt, båt lappen, høyhastighetsbevis båt pris)"
test,"NOK7,373.27",205,"3,592",0.00,"(båtførerprøven test, båtførerprøven gratis test, test båtførerprøven)"
ta,"NOK15,022.78",423,"3,263",0.00,"(ta båtførerprøven, hvordan ta båtførerprøven, når kan man ta båtførerprøven)"
båtførerregisteret,"NOK4,632.15",245,"3,198",0.00,"(båtførerregisteret, båtførerregisteret no, båtførerregisteret testsenter)"
på,"NOK16,079.61",420,"2,811",0.00,"(båtførerprøven på nett, kan man ta båtførerprøven på nett, båtførerbevis på nett)"
båtførerkurs,"NOK22,131.05",466,"2,685",0.00,"(båtførerkurs, båtførerkurs oslo, lanternen båtførerkurs)"
eksamen,"NOK9,682.24",255,"2,665",0.00,"(båtførerprøven eksamen, båtførerprøven eksamen hjemme, eksamen båtførerprøven)"
hvor,"NOK4,441.71",164,"2,535",0.00,"(hvor mye koster båtførerprøven, hvor stor båt kan man kjøre med båtførerprøven, hvor gammel må man være for å ta båtførerprøven)"
nett,"NOK15,305.25",399,"2,507",0.00,"(båtførerprøven på nett, kan man ta båtførerprøven på nett, båtførerbevis på nett)"
man,"NOK4,671.19",154,"2,476",0.00,"(når kan man ta båtførerprøven, hvor stor båt kan man kjøre med båtførerprøven, kan man ta båtførerprøven på nett)"
pris,"NOK7,394.72",330,"2,296",0.00,"(båtførerprøven pris, båtlappen pris, høyhastighetsbevis båt pris)"
alder,"NOK1,792.01",65,"1,656",0.00,"(båtførerprøven alder, båtlappen alder, alder båtførerprøven)"
oslo,"NOK23,095.00",410,"1,652",0.00,"(båtførerprøven oslo, seilkurs oslo, båtførerkurs oslo)"
båtførerprøve,"NOK11,695.21",242,"1,561",0.00,"(båtførerprøve, gratis båtførerprøve, båtførerprøve test)"
kan,"NOK2,992.73",92,"1,561",0.00,"(når kan man ta båtførerprøven, hvor stor båt kan man kjøre med båtførerprøven, kan man ta båtførerprøven på nett)"
båtfører,"NOK5,335.51",131,"1,557",0.00,"(båtfører, båtfører prøven, båtfører eksamen)"
kjøre,"NOK1,046.85",41,"1,240",0.00,"(hvor stor båt kan man kjøre med båtførerprøven, kjøre båt uten båtførerprøven, må man ha båtførerbevis for å kjøre båt)"
kurs,"NOK9,417.15",212,"1,239",0.00,"(båtførerprøven kurs, båtfører kurs, kurs båtførerprøven)"
koster,"NOK2,649.29",125,"1,215",0.00,"(hvor mye koster båtførerprøven, hva koster båtførerprøven, hvor mye koster båtlappen)"
må,"NOK1,395.46",49,"1,180",0.00,"(når må man ha båtførerbevis, hvor gammel må man være for å ta båtførerprøven, hvem må ta båtførerprøven)"
regler,NOK963.75,44,"1,101",0.00,"(båtførerprøven nye regler 2024, båtførerbevis regler, båtlappen regler)"
høyhastighetskurs,"NOK2,192.67",79,"1,093",0.00,"(høyhastighetskurs, høyhastighetskurs pris, høyhastighetskurs båt)"
wave,"NOK2,030.63",58,"1,031",0.00,"(wave kompetanse, wave båtførerprøven, wave båtførerkurs)"
kristiansand,"NOK24,267.09",374,"1,026",0.00,"(båtførerprøven kristiansand, båtførerkurs kristiansand, båtførerprøve kristiansand)"
båtsertifikat,"NOK4,880.21",192,991,0.00,"(båtsertifikat, båtsertifikat alder, båtsertifikat regler)"
bergen,"NOK20,193.01",317,971,0.00,"(båtførerprøven bergen, båtførerkurs bergen, båtførerprøven eksamen bergen)"
høyhastighetsbevis,"NOK1,349.03",61,954,0.00,"(høyhastighetsbevis båt, høyhastighetsbevis båt pris, høyhastighetsbevis)"
når,"NOK1,218.65",40,915,0.00,"(når kan man ta båtførerprøven, når må man ha båtførerbevis, når trenger man båtførerbevis)"
å,"NOK1,529.78",62,909,0.00,"(hvor gammel må man være for å ta båtførerprøven, må man ha båtførerbevis for å kjøre båt, hvor mye koster det å ta båtførerprøven)"
mye koster,"NOK1,665.07",78,890,0.00,"(hvor mye koster båtførerprøven, hvor mye koster båtlappen, hvor mye koster det å ta båtførerprøven)"
trondheim,"NOK11,424.40",263,848,0.00,"(båtførerprøven trondheim, båtførerkurs trondheim, båtførerprøven eksamen trondheim)"
til,"NOK1,225.43",41,778,0.00,"(krav til båtførerbevis, øve til båtførerprøven, veien til båtførerprøven)"
no,"NOK2,271.66",75,764,0.00,"(båtførerregisteret no, båtførerprøven no, båtførerprøven no eksamen)"
for,"NOK1,178.74",41,763,0.00,"(hvor gammel må man være for å ta båtførerprøven, må man ha båtførerbevis for å kjøre båt, hvor gammel må man være for å ta båtlappen)"
hvordan,"NOK2,995.52",114,723,0.00,"(hvordan ta båtførerprøven, hvordan ta båtlappen, hvordan tar man båtførerprøven)"
ha,NOK762.73,27,708,0.00,"(når må man ha båtførerbevis, hvem må ha båtførerbevis, må man ha båtførerbevis for å kjøre båt)"
kompetanse,NOK984.23,40,699,0.00,"(wave kompetanse, wave kompetanse erfaring, wave kompetanse båtførerprøven)"
gratis,"NOK1,034.07",37,690,0.00,"(båtførerprøven gratis test, gratis båtførerprøve, gratis eksamenstest båtførerprøven)"
digitalt,"NOK1,076.61",23,591,0.00,"(båtførerbevis digitalt, båtførerprøven digitalt, digitalt båtførerbevis)"
båtførerappen,NOK94.29,5,581,0.00,"(båtførerappen, båtførerappen pris, båtførerappen erfaringer)"
sertifikat,"NOK1,365.13",59,561,0.00,"(båt sertifikat, icc sertifikat, sertifikat båt over 24 meter)"
krav,NOK438.95,17,560,0.00,"(krav til båtførerbevis, båtførerprøven krav, krav til båtførerprøven)"
testsenter,"NOK1,070.86",31,553,0.00,"(testsenter båtførerprøven, båtførerprøven testsenter, båtførerregisteret testsenter)"
arendal,"NOK7,301.18",126,543,0.00,"(båtførerprøven arendal, båtførerkurs arendal, båtførerprøve arendal)"
aldersgrense,NOK631.36,19,541,0.00,"(aldersgrense båtførerprøven, båtførerprøven aldersgrense, aldersgrense båt)"
hva,"NOK1,225.71",56,531,0.00,"(hva koster båtførerprøven, hva kan man kjøre med båtførerprøven, hva koster båtlappen)"
med,NOK321.12,13,509,0.00,"(hvor stor båt kan man kjøre med båtførerprøven, hva kan man kjøre med båtførerprøven, hvor lang båt kan man kjøre med båtførerbevis)"
stor,NOK236.32,8,495,0.00,"(hvor stor båt kan man kjøre med båtførerprøven, hvor stor båt kan man kjøre uten båtførerprøven, båtførerbevis hvor stor båt)"
hjemme,"NOK1,474.73",42,485,0.00,"(båtførerprøven eksamen hjemme, båtførerprøven hjemme, ta båtførerprøven hjemme)"
app,NOK212.01,6,448,0.00,"(båtførerprøven app, båtførerbevis app, app båtførerprøven)"
uten,NOK316.65,10,446,0.00,"(kjøre båt uten båtførerprøven, hvor stor båt kan man kjøre uten båtførerprøven, båt uten båtførerbevis)"
lappen,"NOK1,784.88",70,420,0.00,"(båt lappen, hvor mye koster båt lappen, båt lappen pris)"
hvem,NOK308.18,11,397,0.00,"(hvem må ta båtførerprøven, hvem må ha båtførerbevis, hvem trenger båtførerprøven)"
nye,NOK449.65,18,369,0.00,"(båtførerprøven nye regler 2024, nye regler båtførerbevis, båtførerprøven nye regler)"
spørsmål,NOK375.08,14,353,0.00,"(båtførerprøven spørsmål, båtførerprøven test 50 spørsmål gratis, hvor mange spørsmål er det på båtførerprøven)"
trenger,NOK405.58,15,353,0.00,"(når trenger man båtførerbevis, hvem trenger båtførerprøven, når trenger man båtførerprøven)"
er,NOK500.61,16,340,0.00,"(er båtførerprøven vanskelig, hvor mange spørsmål er det på båtførerprøven, hvor vanskelig er båtførerprøven)"
tønsberg,"NOK3,049.93",69,336,0.00,"(båtførerprøven tønsberg, båtførerkurs tønsberg, båtførerbevis tønsberg)"
fredrikstad,"NOK4,544.30",84,335,0.00,"(båtførerprøven fredrikstad, båtførerprøve fredrikstad, båtførerkurs fredrikstad)"
hvor gammel,NOK424.13,15,330,0.00,"(hvor gammel må man være for å ta båtførerprøven, hvor gammel må man være for å ta båtlappen, hvor gammel må du være for å ta båtførerprøven)"
det,NOK649.14,29,327,0.00,"(hvor mye koster det å ta båtførerprøven, hvor mye koster det å ta båtlappen, hvor mange spørsmål er det på båtførerprøven)"
2024,NOK402.98,16,327,0.00,"(båtførerprøven nye regler 2024, båter i sjøen 2024, båtmesse lillestrøm 2024)"
prøven,"NOK2,233.37",47,317,0.00,"(båtfører prøven, båt fører prøven, båt prøven)"
bok,NOK642.92,15,312,0.00,"(båtførerprøven bok, bok båtførerprøven, båtførerprøven bok pdf)"
tar,NOK935.91,32,288,0.00,"(hvor tar man båtførerprøven, hvordan tar man båtførerprøven, hvor lang tid tar båtførerprøven)"
bevis,NOK514.09,23,281,0.00,"(båtfører bevis, båtførerprøven bevis, høyhastighets bevis)"
båtførereksamen,NOK989.27,26,275,0.00,"(båtførereksamen, båtførereksamen på nett, båtførereksamen trondheim)"
være for,NOK424.13,15,273,0.00,"(hvor gammel må man være for å ta båtførerprøven, hvor gammel må man være for å ta båtlappen, hvor gammel må du være for å ta båtførerprøven)"
båtkurs,"NOK2,323.47",50,272,0.00,"(båtkurs, praktisk båtkurs, båtkurs oslo)"
båtførerlappen,"NOK1,669.65",38,260,0.00,(båtførerlappen)
jeg,NOK355.32,10,259,0.00,"(hvor kan jeg ta båtførerprøven, når kan jeg ta båtførerprøven, trenger jeg båtførerprøven)"
vanskelig,NOK402.56,14,254,0.00,"(er båtførerprøven vanskelig, båtførerprøven vanskelig, hvor vanskelig er båtførerprøven)"
vannscooter,NOK364.64,12,241,0.00,"(båtførerprøven vannscooter, båtførerbevis vannscooter, vannscooter lappen)"
seilkurs,NOK282.25,7,232,0.00,"(seilkurs oslo, seilkurs, seilkurs kristiansand)"
førerkort,"NOK1,082.58",43,230,0.00,"(båt førerkort, førerkort båt, førerkort for båt)"
sandvika,"NOK1,570.91",33,221,0.00,"(båtførerprøven sandvika, sjøakademiet sandvika, båtplass sandvika)"
i,"NOK1,093.47",24,209,0.00,"(båtførerprøven mo i rana, båtførerprøven i teori og praksis, kurs i trondheim)"
fot,NOK426.05,12,207,0.00,"(båtsertifikat over 50 fot, båtførerprøven fot, båtførerprøven maks fot)"
praktisk,NOK719.25,19,206,0.00,"(praktisk båtførerkurs, båtførerprøven praktisk prøve, båtførerprøven praktisk)"
stavanger,"NOK1,415.27",37,192,0.00,"(båtførerprøven stavanger, båtførerkurs stavanger, båtlappen stavanger)"
50,NOK274.61,12,188,0.00,"(båtførerprøven test 50 spørsmål gratis, båtsertifikat over 50 fot, sertifikat båt over 50 fot)"
over,NOK323.51,12,186,0.00,"(sertifikat båt over 24 meter, båtsertifikat over 50 fot, sertifikat båt over 50 fot)"
pensum,NOK235.10,9,180,0.00,"(båtførerprøven pensum, pensum båtførerprøven, pensum til båtførerprøven)"
hvor mange,NOK118.59,4,176,0.00,"(hvor mange spørsmål er det på båtførerprøven, hvor mange feil kan man ha på båtførerprøven, hvor mange spørsmål på båtførerprøven)"
rs,NOK399.27,11,176,0.00,"(rs båtførerprøven, båtførerprøven rs, rs båtførerkurs)"
lanternen,NOK391.36,9,174,0.00,"(lanternen båtførerkurs, lanternen kurs)"
icc,NOK31.95,2,169,0.00,"(icc sertifikat, icc kurs, icc båtførerbevis)"
teori,NOK169.55,10,168,0.00,"(båtførerprøven teori, teori båtførerprøven, båt teori)"
online,NOK638.18,16,166,0.00,"(båtførerprøven online, båtførerbevis online, båtførerprøven online eksamen)"
norsk,NOK213.85,9,159,0.00,"(norsk test båtførerprøven, norsk testsenter, båtførerprøven norsk test)"
du,NOK264.23,6,151,0.00,"(hvor gammel må du være for å ta båtførerprøven, når kan du ta båtførerprøven, når må du ha båtførerbevis)"
redningsselskapet,NOK347.28,10,149,0.00,"(redningsselskapet båtførerprøven, båtførerprøven redningsselskapet, redningsselskapet båtførerkurs)"
ta roret,NOK526.75,16,147,0.00,"(ta roret jenter, ta roret kjerring, ta roret)"
båtførersertifikat,NOK406.07,13,146,0.00,"(båtførersertifikat, internasjonalt båtførersertifikat, båtførersertifikat regler)"
tid,NOK214.65,11,143,0.00,"(hvor lang tid tar båtførerprøven, hvor lang tid tar det å ta båtførerprøven, hvor lang tid tar det å få båtførerbevis)"
mandal,"NOK1,332.75",25,142,0.00,"(båtførerprøven mandal, båtførerkurs mandal)"
lang,NOK152.49,9,142,0.00,"(hvor lang tid tar båtførerprøven, hvor lang tid tar det å ta båtførerprøven, hvor lang tid tar det å få båtførerbevis)"
øve,NOK81.76,3,140,0.00,"(øve til båtførerprøven, øve båtførerprøven, hvordan øve til båtførerprøven)"
sandefjord,"NOK1,108.98",21,138,0.00,"(båtførerprøven sandefjord, båtførerkurs sandefjord, båten fra sandefjord til strømstad)"
eksamensavgift,NOK580.23,15,135,0.00,"(eksamensavgift båtførerprøven, båtførerprøven eksamensavgift)"
nettkurs,NOK779.03,17,132,0.00,"(båtførerprøven nettkurs, nettkurs båtførerprøven, beste nettkurs båtførerprøven)"
bestille,NOK297.39,4,130,0.00,"(bestille nytt båtførerbevis, bestille båtførerbevis, bestille båtførerprøven)"
år,NOK73.89,4,126,0.00,"(kjøre båt under 16 år, båtførerprøven 16 år, båtførerprøven 14 år)"
waypoint,NOK660.06,18,125,0.00,"(waypoint maritime, båtførerprøven waypoint, waypoint maritime anmeldelser)"
maritime,NOK444.42,14,124,0.00,"(waypoint maritime, blow maritime, waypoint maritime anmeldelser)"
engelsk,NOK167.40,5,124,0.00,"(båtførerprøven engelsk, båtførerprøven på engelsk, båtførerbevis engelsk)"
jenter,NOK497.88,14,121,0.00,(ta roret jenter)
grimstad,"NOK1,934.22",28,117,0.00,"(båtførerprøven grimstad, båtførerkurs grimstad, båtførerbevis grimstad)"
få,NOK432.25,18,116,0.00,"(hvordan få båtførerbevis, hvordan få båtlappen, hvor lang tid tar det å få båtførerbevis)"
hurtigbåtsertifikat,NOK131.30,7,113,0.00,(hurtigbåtsertifikat)
test deg,NOK71.75,2,112,0.00,"(båtførerprøven test deg selv, test deg selv båtførerprøven, båtfører test deg selv)"
deg selv,NOK71.75,2,110,0.00,"(båtførerprøven test deg selv, test deg selv båtførerprøven, båtfører test deg selv)"
16,NOK64.02,3,110,0.00,"(kjøre båt under 16 år, båtførerprøven 16 år, båt under 16 år)"
båtprøven,NOK815.17,21,110,0.00,"(båtprøven, båtprøven på nett, båtprøven test gratis)"
båtførerbeviset,NOK205.34,6,108,0.00,"(båtførerbeviset, hvor lenge varer båtførerbeviset, hvor finner jeg båtførerbeviset mitt)"
båtførerkort,NOK163.77,8,107,0.00,(båtførerkort)
veien til,NOK85.51,3,106,0.00,"(veien til båtførerprøven, veien til båtførerprøven pdf, veien til båtførerprøven bok)"
og,NOK429.81,10,105,0.00,"(båtførerprøven i teori og praksis, hvor mye koster det og ta båtførerprøven, båtførerprøven spørsmål og svar)"
hamar,NOK577.72,12,99,0.00,"(båtførerprøven hamar, båtførerprøve hamar, båtførerkurs hamar)"
lære,NOK108.14,7,95,0.00,"(lære å kjøre båt, lære å seile, hvordan lære å kjøre båt)"
moss,NOK735.09,12,93,0.00,"(båtførerprøven moss, båtførerkurs moss, moss båt)"
wavekompetanse,NOK440.98,11,92,0.00,"(wavekompetanse, wavekompetanse no, wavekompetanse rabattkode)"
drammen,NOK802.32,24,91,0.00,"(båtførerprøven drammen, båtførerkurs drammen, båtførerprøven eksamen drammen)"
asker,NOK548.70,17,90,0.00,"(båtførerprøven asker, båtførerkurs asker, båtførerbevis asker)"
nytt,NOK25.90,1,90,0.00,"(bestille nytt båtførerbevis, nytt båtførerbevis, bestill nytt båtførerbevis)"
seilbåt,NOK234.04,10,89,0.00,"(seilbåt kurs, båtførerprøven seilbåt, seilbåt sertifikat)"
båtførerkurset,NOK408.26,6,87,0.00,"(båtførerkurset, båtførerkurset no, båtførerkurset rabattkode)"
tryggombord,NOK507.05,16,86,0.00,"(tryggombord, tryggombord erfaringer, tryggombord båtførerkurs)"
barn,NOK121.54,5,86,0.00,"(båtførerprøven barn, båt regler for barn, båtkurs barn)"
quiz,NOK24.13,2,82,0.00,"(båtførerprøven quiz, båtfører quiz, quiz båtførerprøven)"
pdf,NOK41.91,2,81,0.00,"(båtførerprøven bok pdf, båtførerprøven pdf, veien til båtførerprøven pdf)"
en,"NOK1,265.02",20,81,0.00,"(båtførerprøven på en dag, ta båtførerprøven på en dag, når må en ha båtførerbevis)"
bodø,NOK563.91,21,80,0.00,"(båtførerprøven bodø, båtførerkurs bodø, båtførerprøve bodø)"
intensivkurs,"NOK1,394.04",28,80,0.00,"(intensivkurs båtførerprøven, båtførerprøven oslo intensivkurs, båtførerprøven intensivkurs)"
hastighetskurs,NOK51.13,2,80,0.00,"(hastighetskurs båt, hastighetskurs)"
ålesund,NOK209.04,6,79,0.00,"(båtførerprøven ålesund, båtførerkurs ålesund, båtførerbevis ålesund)"
eksamenstest,NOK138.92,4,76,0.00,"(gratis eksamenstest båtførerprøven, eksamenstest båtførerprøven, båtførerprøven eksamenstest)"
register,NOK0.00,0,74,0.00,"(båtførerprøven register, register båtførerprøven, båtførerbevis register)"
dag,"NOK1,269.58",20,71,0.00,"(båtførerprøven på en dag, ta båtførerprøven på en dag, båtførerprøven 1 dag)"
drøbak,NOK405.75,12,70,0.00,"(båtførerprøven drøbak, aker brygge drøbak båt, aker brygge til drøbak båt)"
drop in,NOK169.06,3,69,0.00,"(drop in båtførerprøven, båtførerprøven drop in, drop in testsenter oslo)"
viktige emner,NOK0.00,0,69,0.00,"(spesielt viktige emner båtførerprøven, båtførerprøven spesielt viktige emner, spesielt viktige emner)"
prøve,NOK180.13,4,68,0.00,"(båtførerprøven praktisk prøve, båt prøve, båtførerprøven prøve)"
høyhastighet,NOK149.52,3,68,0.00,"(båtførerprøven høyhastighet, høyhastighet, høyhastighet båtførerbevis)"
sarpsborg,NOK778.89,15,68,0.00,"(båtførerprøven sarpsborg, båtførerkurs sarpsborg, båtførerbevis sarpsborg)"
kristiansund,NOK358.02,9,68,0.00,(båtførerprøven kristiansund)
båtførertest,NOK19.15,1,67,0.00,"(gratis båtførertest, båtførertest, båtførertest gratis)"
under 16,NOK0.00,0,66,0.00,"(kjøre båt under 16 år, båt under 16 år, båtfører under 16 år)"
bærum,NOK819.44,16,66,0.00,"(båtførerprøven bærum, båtførerkurs bærum, båtlappen bærum)"
erfaring,NOK45.62,1,66,0.00,"(wave kompetanse erfaring, båtførerprøven erfaring, båtførerprøven no erfaring)"
skien,NOK502.08,13,66,0.00,"(båtførerprøven skien, båtførerkurs skien, båtførerbevis skien)"
erfaringer,NOK167.92,3,65,0.00,"(båtførerappen erfaringer, båtførerprøven erfaringer, tryggombord erfaringer)"
båtkjøring,NOK59.24,2,65,0.00,"(regler for båtkjøring, båtkjøring, aldersgrense båtkjøring)"
bestill,NOK367.92,6,64,0.00,"(bestill båtførerbevis, bestill båtførerprøven, bestill nytt båtførerbevis)"
meter,NOK50.96,2,64,0.00,"(sertifikat båt over 24 meter, føre båt over 24 meter, kjøre båt over 24 meter)"
halden,NOK979.30,13,62,0.00,"(båtførerprøven halden, båtførerkurs halden, båtførerbevis halden)"
1980,NOK57.79,1,61,0.00,"(båtførerbevis født før 1980, båtførerprøven født før 1980, båtførerprøven 1980)"
føre,NOK0.00,0,61,0.00,"(føre båt over 50 fot, føre båt uten båtførerbevis, føre båt)"
tromsø,NOK294.96,11,59,0.00,"(båtførerprøven tromsø, båtførerkurs tromsø, båtførerbevis tromsø)"
født,NOK57.79,1,59,0.00,"(båtførerbevis født før 1980, båtførerprøven født før 1980)"
før 1980,NOK57.79,1,59,0.00,"(båtførerbevis født før 1980, båtførerprøven født før 1980)"
spesielt,NOK0.00,0,58,0.00,"(spesielt viktige emner båtførerprøven, båtførerprøven spesielt viktige emner, spesielt viktige emner)"
as,NOK144.48,4,58,0.00,"(wave kompetanse as, båtførerprøven as, waypoint maritime as)"
lillestrøm,NOK960.95,19,58,0.00,"(båtførerprøven lillestrøm, båtbutikk lillestrøm, båtmessa lillestrøm)"
24 meter,NOK50.96,2,57,0.00,"(sertifikat båt over 24 meter, føre båt over 24 meter, kjøre båt over 24 meter)"
internasjonalt,NOK0.00,0,57,0.00,"(internasjonalt båtførerbevis, internasjonalt båtførersertifikat, internasjonalt båtførersertifikat icc)"
molde,NOK417.19,14,57,0.00,"(båtførerprøven molde, båtførerprøve molde, båtførerbevis molde)"
øving,NOK261.78,2,56,0.00,"(båtførerprøven øving, øving til båtførerprøven)"
fører,NOK271.34,9,55,0.00,"(båt fører prøven, båt fører, båt fører bevis)"
om,NOK43.83,2,55,0.00,"(krav om båtførerbevis, krav om båtførerprøve, trygg om bord)"
kart,NOK94.20,2,55,0.00,"(båtførerprøven kart, kart båtførerprøven, kart til båtførerprøven)"
praksis,NOK0.00,0,54,0.00,"(båtførerprøven praksis, båtførerprøven i teori og praksis, båtførerprøven i teori og praksis pdf)"
dagskurs,NOK614.31,14,52,0.00,"(båtførerprøven dagskurs, dagskurs båtførerprøven)"
oppkjøring,NOK84.82,4,51,0.00,"(båtførerprøven oppkjøring, oppkjøring båt)"
hvor lenge,NOK0.00,0,51,0.00,"(hvor lenge varer båtførerprøven, hvor lenge varer båtførerbeviset, hvor lenge er båtførerbeviset gyldig)"
feil,NOK118.59,4,51,0.00,"(hvor mange feil kan man ha på båtførerprøven, båtførerprøven hvor mange feil, båtførerprøven antall feil)"
lillesand,NOK494.40,8,50,0.00,(båtførerprøven lillesand)
digital,NOK75.26,2,50,0.00,"(digital båtførerbevis, digital båtførerprøve)"
norge,NOK121.98,3,49,0.00,"(krav til båtførerbevis i norge, båtførerprøven norge, båtførerbevis norge)"
boat,NOK127.49,8,49,0.00,"(boat license norway, norway boat license, boat licence norway)"
båtførerregister,NOK94.53,2,49,0.00,"(båtførerregister, båtførerregister no)"
båtprøve,NOK154.03,6,48,0.00,"(båtprøve, båtprøve test, båtprøve på nett)"
båtlapp,NOK279.39,8,48,0.00,(båtlapp)
seile,NOK52.04,1,48,0.00,"(lær å seile, lære å seile, seile kurs)"
leie,NOK87.47,2,47,0.00,"(leie båt uten båtførerbevis, leie båt oslo, leie båt)"
registeret,NOK86.13,5,47,0.00,"(båtfører registeret, båtfører registeret no)"
larvik,NOK170.00,6,46,0.00,"(båtførerprøven larvik, båtførerkurs larvik, båt fra larvik til danmark)"
prøveeksamen,NOK89.59,2,46,0.00,"(båtførerprøven prøveeksamen, prøveeksamen båtførerprøven)"
lær,NOK83.08,4,45,0.00,"(lær å kjøre båt, lær å seile, lær seiling)"
båtføreprøve,NOK400.26,8,44,0.00,(båtføreprøve)
trygg,NOK150.58,6,44,0.00,"(trygg ombord, trygg om bord, trygg på sjøen)"
båtførebevis,NOK126.05,4,44,0.00,(båtførebevis)
harstad,NOK219.80,10,44,0.00,(båtførerprøven harstad)
haugesund,NOK159.98,5,44,0.00,"(båtførerprøven haugesund, båtførerbevis haugesund, båtførerkurs haugesund)"
størrelse,NOK56.90,1,43,0.00,"(båtførerprøven størrelse båt, båtførerbevis størrelse båt, båtførerprøven størrelse)"
varer,NOK0.00,0,43,0.00,"(hvor lenge varer båtførerprøven, hvor lenge varer båtførerbeviset)"
kragerø,NOK236.49,4,43,0.00,"(båtførerprøven kragerø, båtførerbevis kragerø)"
steinkjer,NOK226.10,9,42,0.00,"(båtførerprøven steinkjer, båtførerkurs steinkjer)"
gjøvik,NOK97.59,4,42,0.00,"(båtførerprøven gjøvik, båtførerbevis gjøvik, båtførerkurs gjøvik)"
maritim,NOK57.62,2,42,0.00,"(maritim kompetanse, båtførerprøven maritim kompetanse, maritim båtførerprøven)"
båtlappe,NOK409.58,10,41,0.00,(båtlappe)
båtstørrelse,NOK0.00,0,41,0.00,"(båtførerprøven båtstørrelse, båtstørrelse båtførerprøven, båtførerbevis båtstørrelse)"
høyhastighetssertifikat,NOK131.75,4,41,0.00,"(høyhastighetssertifikat, høyhastighetssertifikat båt)"
sjøakademiet,NOK39.66,2,40,0.00,"(sjøakademiet sandvika, sjøakademiet as, sjøakademiet as sandvika)"
høyhastighets,NOK94.74,4,40,0.00,"(høyhastighets bevis, høyhastighets kurs, høyhastighets bevis båt)"
license,NOK68.39,6,40,0.00,"(boat license norway, norway boat license, boat license oslo)"
maks,NOK16.64,1,40,0.00,"(båtførerprøven maks fot, båtførerprøven maks lengde, båtførerbevis maks fot)"
parallellforskyver,NOK68.48,1,39,0.00,"(parallellforskyver båtførerprøven, hvordan bruke parallellforskyver)"
norway,NOK117.98,8,39,0.00,"(boat license norway, norway boat license, boat licence norway)"
appen,NOK63.26,2,39,0.00,(båtfører appen)
knuter,NOK0.00,0,39,0.00,"(knuter båtførerprøven, båtførerprøven knuter)"
com,NOK0.00,0,38,0.00,"(båtførerprøven com, batforerproven com, båtførerprøven com erfaringer)"
lengde,NOK0.00,0,38,0.00,"(båtførerprøven maks lengde, båtførerprøven lengde på båt, båtførerprøven lengde)"
båtregler,NOK114.85,3,37,0.00,"(båtregler, båtregler norge, båtregler i sverige)"
båtførerregistret,NOK77.84,2,36,0.00,"(båtførerregistret, båtførerregistret no)"
tips,NOK96.68,1,36,0.00,"(tips til båtførerprøven, båtførerprøven tips, tips båtførerprøven)"
båtlappeb,NOK90.01,3,36,0.00,(båtlappeb)
rabattkode,NOK411.19,4,36,0.00,"(rabattkode båtførerprøven, båtførerprøven rabattkode, båtførerappen rabattkode)"
båtførerdatabasen,NOK55.85,1,36,0.00,(båtførerdatabasen)
båtføre,NOK136.56,4,36,0.00,"(båtføre, båtføre test)"
sverige,NOK20.51,1,35,0.00,"(båtførerbevis sverige, båtførerprøven sverige, båtregler i sverige)"
trygg ombord,NOK118.26,4,35,0.00,"(trygg ombord, trygg ombord no)"
knop,NOK34.10,2,35,0.00,"(båtførerprøven 50 knop, sertifikat båt 50 knop, båtførerprøven over 50 knop)"
privatist,NOK38.87,1,35,0.00,(båtførerprøven privatist)
hønefoss,NOK90.52,3,34,0.00,"(båtførerprøven hønefoss, båtførerkurs hønefoss, båtførerbevis hønefoss)"
lyngdal,NOK315.72,10,33,0.00,(båtførerprøven lyngdal)
grense,NOK0.00,0,32,0.00,"(grense for båtførerbevis, grense båtførerbevis, båtførerprøven grense)"
mitt,NOK14.40,1,32,0.00,"(mitt båtførerbevis, hvor finner jeg båtførerbeviset mitt)"
scandic,NOK533.83,8,31,0.00,(båtførerprøven scandic solli)
solli,NOK533.83,8,31,0.00,(båtførerprøven scandic solli)
beste,NOK120.73,1,31,0.00,"(beste båtførerkurs, beste båtførerkurs på nett, beste nettkurs båtførerprøven)"
kveldskurs,NOK767.12,9,31,0.00,"(båtførerprøven kveldskurs, kveldskurs kristiansand, kveldskurs oslo)"
bot,NOK0.00,0,31,0.00,"(høyhastighetsbevis bot, båtførerprøven bot, kjøre båt uten båtførerbevis bot)"
vestfold,NOK229.60,4,30,0.00,"(båtførerprøven vestfold, båtførerkurs vestfold, båtforhandler vestfold)"
kunne,NOK84.54,3,30,0.00,(hva må man kunne til båtførerprøven)
bliskipper,NOK104.37,3,30,0.00,"(bliskipper, bliskipper no)"
båtbevis,NOK34.69,2,30,0.00,(båtbevis)
øvingsoppgaver,NOK9.72,1,29,0.00,"(båtførerprøven øvingsoppgaver, båtførerprøven øvingsoppgaver gratis, øvingsoppgaver båtførerprøven)"
stord,NOK55.11,2,29,0.00,"(båtførerprøven stord, båtførerkurs stord)"
risør,NOK66.41,2,29,0.00,"(båtførerprøven risør, risør båtsenter)"
nito,NOK28.97,1,28,0.00,"(båtførerprøven nito, nito båtførerprøven)"
tekna,NOK0.00,0,28,0.00,(tekna båtførerprøven)
sjøfartsdirektoratet,NOK63.66,2,28,0.00,"(sjøfartsdirektoratet båtførerprøven, sjøfartsdirektoratet båtførerbevis, båtførerprøven sjøfartsdirektoratet)"
melde,NOK114.97,3,28,0.00,"(melde seg opp til båtførerprøven, melde opp til båtførerprøven)"
forberedelse,NOK0.00,0,28,0.00,"(båtførerprøven forberedelse, forberedelse til båtførerprøven, forberedelse båtførerprøven)"
rana,NOK115.26,3,28,0.00,"(båtførerprøven mo i rana, rana 13)"
hastighets,NOK9.91,1,28,0.00,"(hastighets bevis båt, hastighets kurs båt, hastighets sertifikat båt)"
sandnes,NOK280.49,7,28,0.00,"(båtførerprøven sandnes, båtførerkurs sandnes)"
opp til,NOK114.97,3,28,0.00,"(melde seg opp til båtførerprøven, melde opp til båtførerprøven)"
øvelseskjøring,NOK0.00,0,28,0.00,"(øvelseskjøring båt, øvelseskjøring med båt, øvelseskjøring båt alder)"
kurslinjal,NOK0.00,0,28,0.00,(kurslinjal)
bestå,NOK52.65,1,27,0.00,(hvordan bestå båtførerprøven)
båttur,NOK109.64,1,27,0.00,"(båttur, båttur oslo, båttur oslofjorden)"
mo,NOK115.26,3,27,0.00,(båtførerprøven mo i rana)
båten,NOK29.07,1,27,0.00,"(må man ha med båtførerbevis i båten, båten fra sandefjord til strømstad, kiel båten)"
teoriprøve,NOK40.35,1,26,0.00,"(teoriprøve båt, teoriprøve båtførerprøven, båt teoriprøve)"
båteksamen,NOK444.33,12,26,0.00,(båteksamen)
båtlappwn,NOK269.03,7,26,0.00,(båtlappwn)
østfold,NOK234.33,6,25,0.00,"(båtførerprøven østfold, båter østfold, rib østfold)"
eksempel,NOK0.00,0,25,0.00,"(båtførerprøven eksempel, eksempel båtførerprøven, båtførerprøven eksamen eksempel)"
mistet,NOK0.00,0,25,0.00,"(mistet båtførerbevis, båtførerprøven mistet bevis, har mistet båtførerbeviset)"
sjøkart,NOK52.35,2,25,0.00,"(sjøkart båtførerprøven, sjøkart til båtførerprøven)"
båter,NOK31.84,2,25,0.00,"(båter, båter fra aker brygge, båter i sjøen)"
kongsberg,NOK108.11,2,24,0.00,(båtførerprøven kongsberg)
kort,NOK88.23,3,24,0.00,"(båt kort, båtførerbevis nytt kort, båtførerbevis kort)"
farsund,NOK100.65,4,24,0.00,(båtførerprøven farsund)
midlertidig,NOK56.55,2,24,0.00,(midlertidig båtførerbevis)
tvedestrand,NOK73.83,3,24,0.00,(båtførerprøven tvedestrand)
namsos,NOK118.81,4,24,0.00,"(båtførerprøven namsos, båtførerkurs namsos)"
kns,NOK272.73,6,24,0.00,"(kns båtførerprøven, båtførerprøven kns)"
logg inn,NOK0.00,0,24,0.00,"(båtførerregisteret logg inn, båtførerprøven logg inn)"
stryk,NOK0.00,0,23,0.00,"(båtførerprøven stryk, stryk på båtførerprøven, stryk båtførerprøven)"
båtførerprøver,NOK73.63,2,23,0.00,(båtførerprøver)
best,NOK132.00,4,23,0.00,"(hvor er det best å ta båtførerprøven, båtførerprøven på nett best i test, båtførerprøven best i test)"
førde,NOK82.48,4,23,0.00,(båtførerprøven førde)
kun,NOK0.00,0,22,0.00,(båtførerprøven kun eksamen)
båtførerregistere,NOK68.46,3,22,0.00,(båtførerregistere)
seilekurs,NOK0.00,0,22,0.00,(seilekurs)
båtføreren,NOK0.00,0,22,0.00,(båtføreren)
kjerring,NOK28.87,2,22,0.00,(ta roret kjerring)
båtførerregistre,NOK116.67,5,21,0.00,(båtførerregistre)
fornye,NOK0.00,0,21,0.00,"(fornye båtførerbevis, fornye gammelt båtførerbevis)"
d1,NOK0.00,0,21,0.00,(d1 sertifikat båt)
småbåt,NOK56.81,2,21,0.00,"(småbåt sertifikat, regler småbåt, småbåt regler)"
båtserfikat,NOK45.00,3,21,0.00,(båtserfikat)
eksamensgebyr,NOK623.19,9,21,0.00,(eksamensgebyr båtførerprøven)
teoritentamen,NOK79.35,2,21,0.00,(teoritentamen båt)
båtførerproven,NOK121.67,3,20,0.00,"(båtførerproven, båtførerproven no)"
av,NOK0.00,0,20,0.00,"(føring av båt, regler for kjøring av båt, tap av båtførerbevis)"
seg,NOK37.88,2,20,0.00,"(melde seg opp til båtførerprøven, lære seg å seile)"
batforerproven,NOK56.03,1,19,0.00,"(batforerproven com, batforerproven, batforerproven no)"
antall,NOK0.00,0,19,0.00,"(båtførerprøven antall spørsmål, båtførerprøven antall fot, båtførerprøven antall feil)"
sogndal,NOK34.26,2,19,0.00,(båtførerprøven sogndal)
hvilken,NOK18.17,1,19,0.00,"(hvilken båt kan man kjøre med båtførerbevis, hvilken båt kan man kjøre uten båtførerbevis, hvilken båt kan jeg kjøre)"
bårførerbevis,NOK0.00,0,19,0.00,(bårførerbevis)
dysleksi,NOK0.00,0,19,0.00,(båtførerprøven dysleksi)
båtplass,NOK0.00,0,19,0.00,"(båtplass, båtplass oslo, båtplass aker brygge)"
